medical_condition,patients,total_billing,average_billing,average_length_of_stay,emergency_rate,abnormal_test_rate
Arthritis,9308,237334967.43552846,25497.955246618872,15.517404383326172,0.3339063171465406,0.34250107434464977
Diabetes,9304,238547767.68463272,25639.269957505665,15.422936371453138,0.32426913155631987,0.3404987102321582
Hypertension,9245,235729412.03551358,25498.043486805145,15.458626284478097,0.3246078961600865,0.3257977285018929
Obesity,9231,238225285.44833827,25807.094079551323,15.464305059040191,0.338641533961651,0.3392915177120572
Cancer,9227,232178864.2693765,25162.985181464883,15.495827462880676,0.3267584263574293,0.3379213178714642
Asthma,9185,235469671.05600446,25636.32782319047,15.69657049537289,0.32683723462166575,0.3275993467610234
